,attr1,attr2,attr3,attr4,attr5,attr6,attr7
count,43935.0,43935.0,43935.0,43935.0,43935.0,43935.0,43935.0
mean,0.026752814384886765,0.02912870376692842,0.04299950836462956,0.051943175145100724,0.19061744622738142,0.14901065209969272,0.08958922726755433
std,0.010664160383779648,0.012050596274512757,0.015275521201901008,0.022223289603231017,0.11908822931275508,0.1065267008507546,0.08497642497349564
min,0.0066,0.0072,0.0095,0.0065,0.0124,0.0057,0.0024
25%,0.0194,0.0203,0.0307,0.0336,0.1078,0.0659,0.0331
50%,0.0243,0.026000000000000002,0.0402,0.05,0.1561,0.1213,0.0589
75%,0.0341,0.0379,0.0539,0.0702,0.2317,0.2125,0.1215
max,0.0797,0.0853,0.1007,0.1,0.6352,0.6925,0.6487
