,attr1,attr2,attr3,attr4,attr5,attr6,attr7
count,43935.0,43935.0,43935.0,43935.0,43935.0,43935.0,43935.0
mean,0.026663275293046542,0.029029639239786048,0.04288901331512461,0.05177546830545124,0.19105270513258224,0.14896279048594516,0.08954227153749858
std,0.01062811929761673,0.012022408104111057,0.015247374817033515,0.022249935155314628,0.1195628712119292,0.10668369807142124,0.08537055366138234
min,0.0068,0.0068,0.0086,0.0058,0.0125,0.0058,0.0026
25%,0.0194,0.0202,0.0305,0.0333,0.1081,0.0665,0.0333
50%,0.0243,0.0259,0.04,0.0497,0.1558,0.1212,0.0588
75%,0.034,0.0377,0.0537,0.0699,0.2341,0.2116,0.1214
max,0.0716,0.0766,0.0931,0.1,0.6161,0.6259,0.7227
