,attr1,attr2,attr3,attr4,attr5,attr6,attr7
count,43935.0,43935.0,43935.0,43935.0,43935.0,43935.0,43935.0
mean,0.026659988619551607,0.0290321611471492,0.04290134289290998,0.05187318766359395,0.19126705132582222,0.14951200182087174,0.08999033799931716
std,0.010668700985851294,0.012052456189235911,0.015268806277497255,0.02229854028977382,0.11983093389541705,0.10726547908425081,0.08596268025966411
min,0.0066,0.0068,0.0099,0.0073,0.0107,0.0054,0.0026
25%,0.0194,0.0203,0.0306,0.0334,0.1072,0.0666,0.0334
50%,0.0243,0.0259,0.04,0.0497,0.1564,0.1208,0.0586
75%,0.0339,0.0376,0.0536,0.0701,0.23615,0.2131,0.1217
max,0.076,0.08199999999999999,0.098,0.1,0.6429,0.6775,1.1447
