,attr1,attr2,attr3,attr4,attr5,attr6,attr7
count,43935.0,43935.0,43935.0,43935.0,43935.0,43935.0,43935.0
mean,0.026754519176055532,0.02912803459656311,0.0430052190736315,0.05193806759986344,0.1907078752702856,0.14899489245476272,0.08957309434391715
std,0.010735989514133307,0.012121946592736087,0.015365516612559683,0.022342393045876176,0.11916732419465664,0.10691532706970701,0.08529522985922172
min,0.0063,0.0074,0.0111,0.0078,0.0144,0.0036,0.0024
25%,0.0194,0.0203,0.0306,0.0334,0.1078,0.0664,0.0333
50%,0.0244,0.026000000000000002,0.0402,0.0499,0.1562,0.1206,0.0584
75%,0.0341,0.0379,0.054000000000000006,0.0701,0.2344,0.2114,0.12125
max,0.0753,0.079,0.0932,0.1,0.6011,0.63,0.5562
